section_id	target_path	section_title	section_thesis	supporting_claim_ids	bridge_claim_ids	rejected_or_narrowed_claim_ids	large_unit_risk	counterexample_check	missing_context_check	final_disposition	repair_action
DBI-MODEL-01-S01	01-database-system-mental-model.md	2-5분 개요	면접 첫 답변이 본문의 실제 논증을 압축한다.	DBI-MODEL-01-C01;DBI-MODEL-01-C02	DBI-MODEL-01-C03		SQL interface를 곧바로 물리 파일 접근으로 오해해 parser, planner, executor, buffer, log, lock 계층을 지우는 위험	SELECT/INSERT 하나가 parser에서 executor와 storage까지 내려가는 trace가 없으면 mental model이 깨진다.	논리 모델, 물리 저장, 동시성, 복구를 한 문서에서 계층별로 연결해야 한다.	APPLY	DBI-MODEL-01 본문은 short overview, small model, mechanism, DBMS boundary, replay, tail/trap 질문이 이 risk를 반복하지 않도록 topic-specific audit로 재검수한다.
DBI-MODEL-01-S02	01-database-system-mental-model.md	먼저 잡아야 할 작은 모델	추상 개념을 대표 상태 변화 trace로 고정한다.	DBI-MODEL-01-C01;DBI-MODEL-01-C02	DBI-MODEL-01-C03		SQL interface를 곧바로 물리 파일 접근으로 오해해 parser, planner, executor, buffer, log, lock 계층을 지우는 위험	SELECT/INSERT 하나가 parser에서 executor와 storage까지 내려가는 trace가 없으면 mental model이 깨진다.	논리 모델, 물리 저장, 동시성, 복구를 한 문서에서 계층별로 연결해야 한다.	APPLY	DBI-MODEL-01 본문은 short overview, small model, mechanism, DBMS boundary, replay, tail/trap 질문이 이 risk를 반복하지 않도록 topic-specific audit로 재검수한다.
DBI-MODEL-01-S03	01-database-system-mental-model.md	깊은 메커니즘	source claim을 내부 상태 변화와 실패 모드로 재구성한다.	DBI-MODEL-01-C01;DBI-MODEL-01-C02	DBI-MODEL-01-C03		SQL interface를 곧바로 물리 파일 접근으로 오해해 parser, planner, executor, buffer, log, lock 계층을 지우는 위험	SELECT/INSERT 하나가 parser에서 executor와 storage까지 내려가는 trace가 없으면 mental model이 깨진다.	논리 모델, 물리 저장, 동시성, 복구를 한 문서에서 계층별로 연결해야 한다.	APPLY	DBI-MODEL-01 본문은 short overview, small model, mechanism, DBMS boundary, replay, tail/trap 질문이 이 risk를 반복하지 않도록 topic-specific audit로 재검수한다.
DBI-MODEL-01-S04	01-database-system-mental-model.md	DBMS별 경계	공통 목적과 제품별 구현 차이를 섞지 않는다.	DBI-MODEL-01-C01;DBI-MODEL-01-C02	DBI-MODEL-01-C03		SQL interface를 곧바로 물리 파일 접근으로 오해해 parser, planner, executor, buffer, log, lock 계층을 지우는 위험	SELECT/INSERT 하나가 parser에서 executor와 storage까지 내려가는 trace가 없으면 mental model이 깨진다.	논리 모델, 물리 저장, 동시성, 복구를 한 문서에서 계층별로 연결해야 한다.	APPLY	DBI-MODEL-01 본문은 short overview, small model, mechanism, DBMS boundary, replay, tail/trap 질문이 이 risk를 반복하지 않도록 topic-specific audit로 재검수한다.
DBI-MODEL-01-S05	01-database-system-mental-model.md	직접 재생해 보기	검증 가능한 관측 경로와 PASS/FAIL 신호를 남긴다.	DBI-MODEL-01-C01;DBI-MODEL-01-C02	DBI-MODEL-01-C03		SQL interface를 곧바로 물리 파일 접근으로 오해해 parser, planner, executor, buffer, log, lock 계층을 지우는 위험	SELECT/INSERT 하나가 parser에서 executor와 storage까지 내려가는 trace가 없으면 mental model이 깨진다.	논리 모델, 물리 저장, 동시성, 복구를 한 문서에서 계층별로 연결해야 한다.	APPLY	DBI-MODEL-01 본문은 short overview, small model, mechanism, DBMS boundary, replay, tail/trap 질문이 이 risk를 반복하지 않도록 topic-specific audit로 재검수한다.
DBI-MODEL-01-S06	01-database-system-mental-model.md	면접 꼬리 질문	짧은 답변 뒤 깊게 내려갈 질문을 준비한다.	DBI-MODEL-01-C01;DBI-MODEL-01-C02	DBI-MODEL-01-C03		SQL interface를 곧바로 물리 파일 접근으로 오해해 parser, planner, executor, buffer, log, lock 계층을 지우는 위험	SELECT/INSERT 하나가 parser에서 executor와 storage까지 내려가는 trace가 없으면 mental model이 깨진다.	논리 모델, 물리 저장, 동시성, 복구를 한 문서에서 계층별로 연결해야 한다.	APPLY	DBI-MODEL-01 본문은 short overview, small model, mechanism, DBMS boundary, replay, tail/trap 질문이 이 risk를 반복하지 않도록 topic-specific audit로 재검수한다.
DBI-MODEL-01-S07	01-database-system-mental-model.md	함정 질문	부분적으로 맞지만 전체 설명을 망치는 shortcut을 막는다.	DBI-MODEL-01-C01;DBI-MODEL-01-C02	DBI-MODEL-01-C03		SQL interface를 곧바로 물리 파일 접근으로 오해해 parser, planner, executor, buffer, log, lock 계층을 지우는 위험	SELECT/INSERT 하나가 parser에서 executor와 storage까지 내려가는 trace가 없으면 mental model이 깨진다.	논리 모델, 물리 저장, 동시성, 복구를 한 문서에서 계층별로 연결해야 한다.	APPLY	DBI-MODEL-01 본문은 short overview, small model, mechanism, DBMS boundary, replay, tail/trap 질문이 이 risk를 반복하지 않도록 topic-specific audit로 재검수한다.
DBI-MODEL-01-S08	01-database-system-mental-model.md	더 깊게 볼 자료	공식 source와 repo source를 분리해 추적 가능하게 한다.	DBI-MODEL-01-C01;DBI-MODEL-01-C02	DBI-MODEL-01-C03		SQL interface를 곧바로 물리 파일 접근으로 오해해 parser, planner, executor, buffer, log, lock 계층을 지우는 위험	SELECT/INSERT 하나가 parser에서 executor와 storage까지 내려가는 trace가 없으면 mental model이 깨진다.	논리 모델, 물리 저장, 동시성, 복구를 한 문서에서 계층별로 연결해야 한다.	APPLY	DBI-MODEL-01 본문은 short overview, small model, mechanism, DBMS boundary, replay, tail/trap 질문이 이 risk를 반복하지 않도록 topic-specific audit로 재검수한다.
DBI-STORAGE-01-S01	02-storage-pages-buffer-io.md	2-5분 개요	면접 첫 답변이 본문의 실제 논증을 압축한다.	DBI-STORAGE-01-C01;DBI-STORAGE-01-C02	DBI-STORAGE-01-C03		page, buffer pool, fsync, checkpoint를 단순 저장소 캐시로만 합쳐 commit durability와 dirty page flush 시점을 혼동하는 위험	commit 직후 data page가 아직 flush되지 않은 crash 상황을 설명하지 못하면 실패다.	page 단위, dirty page, durable log, checkpoint의 소비자를 분리해야 한다.	APPLY	DBI-STORAGE-01 본문은 short overview, small model, mechanism, DBMS boundary, replay, tail/trap 질문이 이 risk를 반복하지 않도록 topic-specific audit로 재검수한다.
DBI-STORAGE-01-S02	02-storage-pages-buffer-io.md	먼저 잡아야 할 작은 모델	추상 개념을 대표 상태 변화 trace로 고정한다.	DBI-STORAGE-01-C01;DBI-STORAGE-01-C02	DBI-STORAGE-01-C03		page, buffer pool, fsync, checkpoint를 단순 저장소 캐시로만 합쳐 commit durability와 dirty page flush 시점을 혼동하는 위험	commit 직후 data page가 아직 flush되지 않은 crash 상황을 설명하지 못하면 실패다.	page 단위, dirty page, durable log, checkpoint의 소비자를 분리해야 한다.	APPLY	DBI-STORAGE-01 본문은 short overview, small model, mechanism, DBMS boundary, replay, tail/trap 질문이 이 risk를 반복하지 않도록 topic-specific audit로 재검수한다.
DBI-STORAGE-01-S03	02-storage-pages-buffer-io.md	깊은 메커니즘	source claim을 내부 상태 변화와 실패 모드로 재구성한다.	DBI-STORAGE-01-C01;DBI-STORAGE-01-C02	DBI-STORAGE-01-C03		page, buffer pool, fsync, checkpoint를 단순 저장소 캐시로만 합쳐 commit durability와 dirty page flush 시점을 혼동하는 위험	commit 직후 data page가 아직 flush되지 않은 crash 상황을 설명하지 못하면 실패다.	page 단위, dirty page, durable log, checkpoint의 소비자를 분리해야 한다.	APPLY	DBI-STORAGE-01 본문은 short overview, small model, mechanism, DBMS boundary, replay, tail/trap 질문이 이 risk를 반복하지 않도록 topic-specific audit로 재검수한다.
DBI-STORAGE-01-S04	02-storage-pages-buffer-io.md	DBMS별 경계	공통 목적과 제품별 구현 차이를 섞지 않는다.	DBI-STORAGE-01-C01;DBI-STORAGE-01-C02	DBI-STORAGE-01-C03		page, buffer pool, fsync, checkpoint를 단순 저장소 캐시로만 합쳐 commit durability와 dirty page flush 시점을 혼동하는 위험	commit 직후 data page가 아직 flush되지 않은 crash 상황을 설명하지 못하면 실패다.	page 단위, dirty page, durable log, checkpoint의 소비자를 분리해야 한다.	APPLY	DBI-STORAGE-01 본문은 short overview, small model, mechanism, DBMS boundary, replay, tail/trap 질문이 이 risk를 반복하지 않도록 topic-specific audit로 재검수한다.
DBI-STORAGE-01-S05	02-storage-pages-buffer-io.md	직접 재생해 보기	검증 가능한 관측 경로와 PASS/FAIL 신호를 남긴다.	DBI-STORAGE-01-C01;DBI-STORAGE-01-C02	DBI-STORAGE-01-C03		page, buffer pool, fsync, checkpoint를 단순 저장소 캐시로만 합쳐 commit durability와 dirty page flush 시점을 혼동하는 위험	commit 직후 data page가 아직 flush되지 않은 crash 상황을 설명하지 못하면 실패다.	page 단위, dirty page, durable log, checkpoint의 소비자를 분리해야 한다.	APPLY	DBI-STORAGE-01 본문은 short overview, small model, mechanism, DBMS boundary, replay, tail/trap 질문이 이 risk를 반복하지 않도록 topic-specific audit로 재검수한다.
DBI-STORAGE-01-S06	02-storage-pages-buffer-io.md	면접 꼬리 질문	짧은 답변 뒤 깊게 내려갈 질문을 준비한다.	DBI-STORAGE-01-C01;DBI-STORAGE-01-C02	DBI-STORAGE-01-C03		page, buffer pool, fsync, checkpoint를 단순 저장소 캐시로만 합쳐 commit durability와 dirty page flush 시점을 혼동하는 위험	commit 직후 data page가 아직 flush되지 않은 crash 상황을 설명하지 못하면 실패다.	page 단위, dirty page, durable log, checkpoint의 소비자를 분리해야 한다.	APPLY	DBI-STORAGE-01 본문은 short overview, small model, mechanism, DBMS boundary, replay, tail/trap 질문이 이 risk를 반복하지 않도록 topic-specific audit로 재검수한다.
DBI-STORAGE-01-S07	02-storage-pages-buffer-io.md	함정 질문	부분적으로 맞지만 전체 설명을 망치는 shortcut을 막는다.	DBI-STORAGE-01-C01;DBI-STORAGE-01-C02	DBI-STORAGE-01-C03		page, buffer pool, fsync, checkpoint를 단순 저장소 캐시로만 합쳐 commit durability와 dirty page flush 시점을 혼동하는 위험	commit 직후 data page가 아직 flush되지 않은 crash 상황을 설명하지 못하면 실패다.	page 단위, dirty page, durable log, checkpoint의 소비자를 분리해야 한다.	APPLY	DBI-STORAGE-01 본문은 short overview, small model, mechanism, DBMS boundary, replay, tail/trap 질문이 이 risk를 반복하지 않도록 topic-specific audit로 재검수한다.
DBI-STORAGE-01-S08	02-storage-pages-buffer-io.md	더 깊게 볼 자료	공식 source와 repo source를 분리해 추적 가능하게 한다.	DBI-STORAGE-01-C01;DBI-STORAGE-01-C02	DBI-STORAGE-01-C03		page, buffer pool, fsync, checkpoint를 단순 저장소 캐시로만 합쳐 commit durability와 dirty page flush 시점을 혼동하는 위험	commit 직후 data page가 아직 flush되지 않은 crash 상황을 설명하지 못하면 실패다.	page 단위, dirty page, durable log, checkpoint의 소비자를 분리해야 한다.	APPLY	DBI-STORAGE-01 본문은 short overview, small model, mechanism, DBMS boundary, replay, tail/trap 질문이 이 risk를 반복하지 않도록 topic-specific audit로 재검수한다.
DBI-LOG-01-S01	03-wal-redo-undo-crash-recovery-pitr.md	2-5분 개요	면접 첫 답변이 본문의 실제 논증을 압축한다.	DBI-LOG-01-C01;DBI-LOG-01-C02	DBI-LOG-01-C03		WAL, redo, undo, binary log, PITR을 모두 로그라는 이름으로 묶어 crash recovery와 시간 복구의 소비자를 혼동하는 위험	InnoDB redo로 MySQL PITR을 설명하거나 PostgreSQL WAL을 replication 전용으로 말하면 실패다.	로그별 writer, reader, replay 목적, 보존 기간을 분리해야 한다.	APPLY	DBI-LOG-01 본문은 short overview, small model, mechanism, DBMS boundary, replay, tail/trap 질문이 이 risk를 반복하지 않도록 topic-specific audit로 재검수한다.
DBI-LOG-01-S02	03-wal-redo-undo-crash-recovery-pitr.md	먼저 잡아야 할 작은 모델	추상 개념을 대표 상태 변화 trace로 고정한다.	DBI-LOG-01-C01;DBI-LOG-01-C02	DBI-LOG-01-C03		WAL, redo, undo, binary log, PITR을 모두 로그라는 이름으로 묶어 crash recovery와 시간 복구의 소비자를 혼동하는 위험	InnoDB redo로 MySQL PITR을 설명하거나 PostgreSQL WAL을 replication 전용으로 말하면 실패다.	로그별 writer, reader, replay 목적, 보존 기간을 분리해야 한다.	APPLY	DBI-LOG-01 본문은 short overview, small model, mechanism, DBMS boundary, replay, tail/trap 질문이 이 risk를 반복하지 않도록 topic-specific audit로 재검수한다.
DBI-LOG-01-S03	03-wal-redo-undo-crash-recovery-pitr.md	깊은 메커니즘	source claim을 내부 상태 변화와 실패 모드로 재구성한다.	DBI-LOG-01-C01;DBI-LOG-01-C02	DBI-LOG-01-C03		WAL, redo, undo, binary log, PITR을 모두 로그라는 이름으로 묶어 crash recovery와 시간 복구의 소비자를 혼동하는 위험	InnoDB redo로 MySQL PITR을 설명하거나 PostgreSQL WAL을 replication 전용으로 말하면 실패다.	로그별 writer, reader, replay 목적, 보존 기간을 분리해야 한다.	APPLY	DBI-LOG-01 본문은 short overview, small model, mechanism, DBMS boundary, replay, tail/trap 질문이 이 risk를 반복하지 않도록 topic-specific audit로 재검수한다.
DBI-LOG-01-S04	03-wal-redo-undo-crash-recovery-pitr.md	DBMS별 경계	공통 목적과 제품별 구현 차이를 섞지 않는다.	DBI-LOG-01-C01;DBI-LOG-01-C02	DBI-LOG-01-C03		WAL, redo, undo, binary log, PITR을 모두 로그라는 이름으로 묶어 crash recovery와 시간 복구의 소비자를 혼동하는 위험	InnoDB redo로 MySQL PITR을 설명하거나 PostgreSQL WAL을 replication 전용으로 말하면 실패다.	로그별 writer, reader, replay 목적, 보존 기간을 분리해야 한다.	APPLY	DBI-LOG-01 본문은 short overview, small model, mechanism, DBMS boundary, replay, tail/trap 질문이 이 risk를 반복하지 않도록 topic-specific audit로 재검수한다.
DBI-LOG-01-S05	03-wal-redo-undo-crash-recovery-pitr.md	직접 재생해 보기	검증 가능한 관측 경로와 PASS/FAIL 신호를 남긴다.	DBI-LOG-01-C01;DBI-LOG-01-C02	DBI-LOG-01-C03		WAL, redo, undo, binary log, PITR을 모두 로그라는 이름으로 묶어 crash recovery와 시간 복구의 소비자를 혼동하는 위험	InnoDB redo로 MySQL PITR을 설명하거나 PostgreSQL WAL을 replication 전용으로 말하면 실패다.	로그별 writer, reader, replay 목적, 보존 기간을 분리해야 한다.	APPLY	DBI-LOG-01 본문은 short overview, small model, mechanism, DBMS boundary, replay, tail/trap 질문이 이 risk를 반복하지 않도록 topic-specific audit로 재검수한다.
DBI-LOG-01-S06	03-wal-redo-undo-crash-recovery-pitr.md	면접 꼬리 질문	짧은 답변 뒤 깊게 내려갈 질문을 준비한다.	DBI-LOG-01-C01;DBI-LOG-01-C02	DBI-LOG-01-C03		WAL, redo, undo, binary log, PITR을 모두 로그라는 이름으로 묶어 crash recovery와 시간 복구의 소비자를 혼동하는 위험	InnoDB redo로 MySQL PITR을 설명하거나 PostgreSQL WAL을 replication 전용으로 말하면 실패다.	로그별 writer, reader, replay 목적, 보존 기간을 분리해야 한다.	APPLY	DBI-LOG-01 본문은 short overview, small model, mechanism, DBMS boundary, replay, tail/trap 질문이 이 risk를 반복하지 않도록 topic-specific audit로 재검수한다.
DBI-LOG-01-S07	03-wal-redo-undo-crash-recovery-pitr.md	함정 질문	부분적으로 맞지만 전체 설명을 망치는 shortcut을 막는다.	DBI-LOG-01-C01;DBI-LOG-01-C02	DBI-LOG-01-C03		WAL, redo, undo, binary log, PITR을 모두 로그라는 이름으로 묶어 crash recovery와 시간 복구의 소비자를 혼동하는 위험	InnoDB redo로 MySQL PITR을 설명하거나 PostgreSQL WAL을 replication 전용으로 말하면 실패다.	로그별 writer, reader, replay 목적, 보존 기간을 분리해야 한다.	APPLY	DBI-LOG-01 본문은 short overview, small model, mechanism, DBMS boundary, replay, tail/trap 질문이 이 risk를 반복하지 않도록 topic-specific audit로 재검수한다.
DBI-LOG-01-S08	03-wal-redo-undo-crash-recovery-pitr.md	더 깊게 볼 자료	공식 source와 repo source를 분리해 추적 가능하게 한다.	DBI-LOG-01-C01;DBI-LOG-01-C02	DBI-LOG-01-C03		WAL, redo, undo, binary log, PITR을 모두 로그라는 이름으로 묶어 crash recovery와 시간 복구의 소비자를 혼동하는 위험	InnoDB redo로 MySQL PITR을 설명하거나 PostgreSQL WAL을 replication 전용으로 말하면 실패다.	로그별 writer, reader, replay 목적, 보존 기간을 분리해야 한다.	APPLY	DBI-LOG-01 본문은 short overview, small model, mechanism, DBMS boundary, replay, tail/trap 질문이 이 risk를 반복하지 않도록 topic-specific audit로 재검수한다.
DBI-INDEX-01-S01	04-index-query-optimizer.md	2-5분 개요	면접 첫 답변이 본문의 실제 논증을 압축한다.	DBI-INDEX-01-C01;DBI-INDEX-01-C02	DBI-INDEX-01-C03		B+tree 구조 하나로 query 성능 전체를 설명해 filter, join, sort, statistics, row fetch 비용을 지우는 위험	EXPLAIN에서 index scan이 보여도 읽은 row와 filter row가 많으면 빠르지 않을 수 있다.	access path, cardinality estimate, join order, sort/order 소비를 함께 봐야 한다.	APPLY	DBI-INDEX-01 본문은 short overview, small model, mechanism, DBMS boundary, replay, tail/trap 질문이 이 risk를 반복하지 않도록 topic-specific audit로 재검수한다.
DBI-INDEX-01-S02	04-index-query-optimizer.md	먼저 잡아야 할 작은 모델	추상 개념을 대표 상태 변화 trace로 고정한다.	DBI-INDEX-01-C01;DBI-INDEX-01-C02	DBI-INDEX-01-C03		B+tree 구조 하나로 query 성능 전체를 설명해 filter, join, sort, statistics, row fetch 비용을 지우는 위험	EXPLAIN에서 index scan이 보여도 읽은 row와 filter row가 많으면 빠르지 않을 수 있다.	access path, cardinality estimate, join order, sort/order 소비를 함께 봐야 한다.	APPLY	DBI-INDEX-01 본문은 short overview, small model, mechanism, DBMS boundary, replay, tail/trap 질문이 이 risk를 반복하지 않도록 topic-specific audit로 재검수한다.
DBI-INDEX-01-S03	04-index-query-optimizer.md	깊은 메커니즘	source claim을 내부 상태 변화와 실패 모드로 재구성한다.	DBI-INDEX-01-C01;DBI-INDEX-01-C02	DBI-INDEX-01-C03		B+tree 구조 하나로 query 성능 전체를 설명해 filter, join, sort, statistics, row fetch 비용을 지우는 위험	EXPLAIN에서 index scan이 보여도 읽은 row와 filter row가 많으면 빠르지 않을 수 있다.	access path, cardinality estimate, join order, sort/order 소비를 함께 봐야 한다.	APPLY	DBI-INDEX-01 본문은 short overview, small model, mechanism, DBMS boundary, replay, tail/trap 질문이 이 risk를 반복하지 않도록 topic-specific audit로 재검수한다.
DBI-INDEX-01-S04	04-index-query-optimizer.md	DBMS별 경계	공통 목적과 제품별 구현 차이를 섞지 않는다.	DBI-INDEX-01-C01;DBI-INDEX-01-C02	DBI-INDEX-01-C03		B+tree 구조 하나로 query 성능 전체를 설명해 filter, join, sort, statistics, row fetch 비용을 지우는 위험	EXPLAIN에서 index scan이 보여도 읽은 row와 filter row가 많으면 빠르지 않을 수 있다.	access path, cardinality estimate, join order, sort/order 소비를 함께 봐야 한다.	APPLY	DBI-INDEX-01 본문은 short overview, small model, mechanism, DBMS boundary, replay, tail/trap 질문이 이 risk를 반복하지 않도록 topic-specific audit로 재검수한다.
DBI-INDEX-01-S05	04-index-query-optimizer.md	직접 재생해 보기	검증 가능한 관측 경로와 PASS/FAIL 신호를 남긴다.	DBI-INDEX-01-C01;DBI-INDEX-01-C02	DBI-INDEX-01-C03		B+tree 구조 하나로 query 성능 전체를 설명해 filter, join, sort, statistics, row fetch 비용을 지우는 위험	EXPLAIN에서 index scan이 보여도 읽은 row와 filter row가 많으면 빠르지 않을 수 있다.	access path, cardinality estimate, join order, sort/order 소비를 함께 봐야 한다.	APPLY	DBI-INDEX-01 본문은 short overview, small model, mechanism, DBMS boundary, replay, tail/trap 질문이 이 risk를 반복하지 않도록 topic-specific audit로 재검수한다.
DBI-INDEX-01-S06	04-index-query-optimizer.md	면접 꼬리 질문	짧은 답변 뒤 깊게 내려갈 질문을 준비한다.	DBI-INDEX-01-C01;DBI-INDEX-01-C02	DBI-INDEX-01-C03		B+tree 구조 하나로 query 성능 전체를 설명해 filter, join, sort, statistics, row fetch 비용을 지우는 위험	EXPLAIN에서 index scan이 보여도 읽은 row와 filter row가 많으면 빠르지 않을 수 있다.	access path, cardinality estimate, join order, sort/order 소비를 함께 봐야 한다.	APPLY	DBI-INDEX-01 본문은 short overview, small model, mechanism, DBMS boundary, replay, tail/trap 질문이 이 risk를 반복하지 않도록 topic-specific audit로 재검수한다.
DBI-INDEX-01-S07	04-index-query-optimizer.md	함정 질문	부분적으로 맞지만 전체 설명을 망치는 shortcut을 막는다.	DBI-INDEX-01-C01;DBI-INDEX-01-C02	DBI-INDEX-01-C03		B+tree 구조 하나로 query 성능 전체를 설명해 filter, join, sort, statistics, row fetch 비용을 지우는 위험	EXPLAIN에서 index scan이 보여도 읽은 row와 filter row가 많으면 빠르지 않을 수 있다.	access path, cardinality estimate, join order, sort/order 소비를 함께 봐야 한다.	APPLY	DBI-INDEX-01 본문은 short overview, small model, mechanism, DBMS boundary, replay, tail/trap 질문이 이 risk를 반복하지 않도록 topic-specific audit로 재검수한다.
DBI-INDEX-01-S08	04-index-query-optimizer.md	더 깊게 볼 자료	공식 source와 repo source를 분리해 추적 가능하게 한다.	DBI-INDEX-01-C01;DBI-INDEX-01-C02	DBI-INDEX-01-C03		B+tree 구조 하나로 query 성능 전체를 설명해 filter, join, sort, statistics, row fetch 비용을 지우는 위험	EXPLAIN에서 index scan이 보여도 읽은 row와 filter row가 많으면 빠르지 않을 수 있다.	access path, cardinality estimate, join order, sort/order 소비를 함께 봐야 한다.	APPLY	DBI-INDEX-01 본문은 short overview, small model, mechanism, DBMS boundary, replay, tail/trap 질문이 이 risk를 반복하지 않도록 topic-specific audit로 재검수한다.
DBI-SCHEMA-01-S01	05-schema-constraints-migration.md	2-5분 개요	면접 첫 답변이 본문의 실제 논증을 압축한다.	DBI-SCHEMA-01-C01;DBI-SCHEMA-01-C02	DBI-SCHEMA-01-C03		정규화나 migration file 존재를 안전한 schema 변경으로 착각해 배포 시간축과 운영 lock을 누락하는 위험	최종 schema diff가 같아도 old/new application 공존 구간에서 장애가 나면 실패다.	constraint, backfill, expand/contract, online DDL 영향과 rollback/roll-forward를 함께 봐야 한다.	APPLY	DBI-SCHEMA-01 본문은 short overview, small model, mechanism, DBMS boundary, replay, tail/trap 질문이 이 risk를 반복하지 않도록 topic-specific audit로 재검수한다.
DBI-SCHEMA-01-S02	05-schema-constraints-migration.md	먼저 잡아야 할 작은 모델	추상 개념을 대표 상태 변화 trace로 고정한다.	DBI-SCHEMA-01-C01;DBI-SCHEMA-01-C02	DBI-SCHEMA-01-C03		정규화나 migration file 존재를 안전한 schema 변경으로 착각해 배포 시간축과 운영 lock을 누락하는 위험	최종 schema diff가 같아도 old/new application 공존 구간에서 장애가 나면 실패다.	constraint, backfill, expand/contract, online DDL 영향과 rollback/roll-forward를 함께 봐야 한다.	APPLY	DBI-SCHEMA-01 본문은 short overview, small model, mechanism, DBMS boundary, replay, tail/trap 질문이 이 risk를 반복하지 않도록 topic-specific audit로 재검수한다.
DBI-SCHEMA-01-S03	05-schema-constraints-migration.md	깊은 메커니즘	source claim을 내부 상태 변화와 실패 모드로 재구성한다.	DBI-SCHEMA-01-C01;DBI-SCHEMA-01-C02	DBI-SCHEMA-01-C03		정규화나 migration file 존재를 안전한 schema 변경으로 착각해 배포 시간축과 운영 lock을 누락하는 위험	최종 schema diff가 같아도 old/new application 공존 구간에서 장애가 나면 실패다.	constraint, backfill, expand/contract, online DDL 영향과 rollback/roll-forward를 함께 봐야 한다.	APPLY	DBI-SCHEMA-01 본문은 short overview, small model, mechanism, DBMS boundary, replay, tail/trap 질문이 이 risk를 반복하지 않도록 topic-specific audit로 재검수한다.
DBI-SCHEMA-01-S04	05-schema-constraints-migration.md	DBMS별 경계	공통 목적과 제품별 구현 차이를 섞지 않는다.	DBI-SCHEMA-01-C01;DBI-SCHEMA-01-C02	DBI-SCHEMA-01-C03		정규화나 migration file 존재를 안전한 schema 변경으로 착각해 배포 시간축과 운영 lock을 누락하는 위험	최종 schema diff가 같아도 old/new application 공존 구간에서 장애가 나면 실패다.	constraint, backfill, expand/contract, online DDL 영향과 rollback/roll-forward를 함께 봐야 한다.	APPLY	DBI-SCHEMA-01 본문은 short overview, small model, mechanism, DBMS boundary, replay, tail/trap 질문이 이 risk를 반복하지 않도록 topic-specific audit로 재검수한다.
DBI-SCHEMA-01-S05	05-schema-constraints-migration.md	직접 재생해 보기	검증 가능한 관측 경로와 PASS/FAIL 신호를 남긴다.	DBI-SCHEMA-01-C01;DBI-SCHEMA-01-C02	DBI-SCHEMA-01-C03		정규화나 migration file 존재를 안전한 schema 변경으로 착각해 배포 시간축과 운영 lock을 누락하는 위험	최종 schema diff가 같아도 old/new application 공존 구간에서 장애가 나면 실패다.	constraint, backfill, expand/contract, online DDL 영향과 rollback/roll-forward를 함께 봐야 한다.	APPLY	DBI-SCHEMA-01 본문은 short overview, small model, mechanism, DBMS boundary, replay, tail/trap 질문이 이 risk를 반복하지 않도록 topic-specific audit로 재검수한다.
DBI-SCHEMA-01-S06	05-schema-constraints-migration.md	면접 꼬리 질문	짧은 답변 뒤 깊게 내려갈 질문을 준비한다.	DBI-SCHEMA-01-C01;DBI-SCHEMA-01-C02	DBI-SCHEMA-01-C03		정규화나 migration file 존재를 안전한 schema 변경으로 착각해 배포 시간축과 운영 lock을 누락하는 위험	최종 schema diff가 같아도 old/new application 공존 구간에서 장애가 나면 실패다.	constraint, backfill, expand/contract, online DDL 영향과 rollback/roll-forward를 함께 봐야 한다.	APPLY	DBI-SCHEMA-01 본문은 short overview, small model, mechanism, DBMS boundary, replay, tail/trap 질문이 이 risk를 반복하지 않도록 topic-specific audit로 재검수한다.
DBI-SCHEMA-01-S07	05-schema-constraints-migration.md	함정 질문	부분적으로 맞지만 전체 설명을 망치는 shortcut을 막는다.	DBI-SCHEMA-01-C01;DBI-SCHEMA-01-C02	DBI-SCHEMA-01-C03		정규화나 migration file 존재를 안전한 schema 변경으로 착각해 배포 시간축과 운영 lock을 누락하는 위험	최종 schema diff가 같아도 old/new application 공존 구간에서 장애가 나면 실패다.	constraint, backfill, expand/contract, online DDL 영향과 rollback/roll-forward를 함께 봐야 한다.	APPLY	DBI-SCHEMA-01 본문은 short overview, small model, mechanism, DBMS boundary, replay, tail/trap 질문이 이 risk를 반복하지 않도록 topic-specific audit로 재검수한다.
DBI-SCHEMA-01-S08	05-schema-constraints-migration.md	더 깊게 볼 자료	공식 source와 repo source를 분리해 추적 가능하게 한다.	DBI-SCHEMA-01-C01;DBI-SCHEMA-01-C02	DBI-SCHEMA-01-C03		정규화나 migration file 존재를 안전한 schema 변경으로 착각해 배포 시간축과 운영 lock을 누락하는 위험	최종 schema diff가 같아도 old/new application 공존 구간에서 장애가 나면 실패다.	constraint, backfill, expand/contract, online DDL 영향과 rollback/roll-forward를 함께 봐야 한다.	APPLY	DBI-SCHEMA-01 본문은 short overview, small model, mechanism, DBMS boundary, replay, tail/trap 질문이 이 risk를 반복하지 않도록 topic-specific audit로 재검수한다.
DBI-TXN-01-S01	06-transaction-acid-boundary.md	2-5분 개요	면접 첫 답변이 본문의 실제 논증을 압축한다.	DBI-TXN-01-C01;DBI-TXN-01-C02	DBI-TXN-01-C03		DB transaction이 애플리케이션 업무 불변식과 외부 side effect까지 자동으로 원자화한다고 오해하는 위험	PG 승인 성공 뒤 DB rollback이나 autocommit 반쪽 이체를 설명하지 못하면 실패다.	업무 불변식, DB row set, connection boundary, 외부 보상/멱등성을 분리해야 한다.	APPLY	DBI-TXN-01 본문은 short overview, small model, mechanism, DBMS boundary, replay, tail/trap 질문이 이 risk를 반복하지 않도록 topic-specific audit로 재검수한다.
DBI-TXN-01-S02	06-transaction-acid-boundary.md	먼저 잡아야 할 작은 모델	추상 개념을 대표 상태 변화 trace로 고정한다.	DBI-TXN-01-C01;DBI-TXN-01-C02	DBI-TXN-01-C03		DB transaction이 애플리케이션 업무 불변식과 외부 side effect까지 자동으로 원자화한다고 오해하는 위험	PG 승인 성공 뒤 DB rollback이나 autocommit 반쪽 이체를 설명하지 못하면 실패다.	업무 불변식, DB row set, connection boundary, 외부 보상/멱등성을 분리해야 한다.	APPLY	DBI-TXN-01 본문은 short overview, small model, mechanism, DBMS boundary, replay, tail/trap 질문이 이 risk를 반복하지 않도록 topic-specific audit로 재검수한다.
DBI-TXN-01-S03	06-transaction-acid-boundary.md	깊은 메커니즘	source claim을 내부 상태 변화와 실패 모드로 재구성한다.	DBI-TXN-01-C01;DBI-TXN-01-C02	DBI-TXN-01-C03		DB transaction이 애플리케이션 업무 불변식과 외부 side effect까지 자동으로 원자화한다고 오해하는 위험	PG 승인 성공 뒤 DB rollback이나 autocommit 반쪽 이체를 설명하지 못하면 실패다.	업무 불변식, DB row set, connection boundary, 외부 보상/멱등성을 분리해야 한다.	APPLY	DBI-TXN-01 본문은 short overview, small model, mechanism, DBMS boundary, replay, tail/trap 질문이 이 risk를 반복하지 않도록 topic-specific audit로 재검수한다.
DBI-TXN-01-S04	06-transaction-acid-boundary.md	DBMS별 경계	공통 목적과 제품별 구현 차이를 섞지 않는다.	DBI-TXN-01-C01;DBI-TXN-01-C02	DBI-TXN-01-C03		DB transaction이 애플리케이션 업무 불변식과 외부 side effect까지 자동으로 원자화한다고 오해하는 위험	PG 승인 성공 뒤 DB rollback이나 autocommit 반쪽 이체를 설명하지 못하면 실패다.	업무 불변식, DB row set, connection boundary, 외부 보상/멱등성을 분리해야 한다.	APPLY	DBI-TXN-01 본문은 short overview, small model, mechanism, DBMS boundary, replay, tail/trap 질문이 이 risk를 반복하지 않도록 topic-specific audit로 재검수한다.
DBI-TXN-01-S05	06-transaction-acid-boundary.md	직접 재생해 보기	검증 가능한 관측 경로와 PASS/FAIL 신호를 남긴다.	DBI-TXN-01-C01;DBI-TXN-01-C02	DBI-TXN-01-C03		DB transaction이 애플리케이션 업무 불변식과 외부 side effect까지 자동으로 원자화한다고 오해하는 위험	PG 승인 성공 뒤 DB rollback이나 autocommit 반쪽 이체를 설명하지 못하면 실패다.	업무 불변식, DB row set, connection boundary, 외부 보상/멱등성을 분리해야 한다.	APPLY	DBI-TXN-01 본문은 short overview, small model, mechanism, DBMS boundary, replay, tail/trap 질문이 이 risk를 반복하지 않도록 topic-specific audit로 재검수한다.
DBI-TXN-01-S06	06-transaction-acid-boundary.md	면접 꼬리 질문	짧은 답변 뒤 깊게 내려갈 질문을 준비한다.	DBI-TXN-01-C01;DBI-TXN-01-C02	DBI-TXN-01-C03		DB transaction이 애플리케이션 업무 불변식과 외부 side effect까지 자동으로 원자화한다고 오해하는 위험	PG 승인 성공 뒤 DB rollback이나 autocommit 반쪽 이체를 설명하지 못하면 실패다.	업무 불변식, DB row set, connection boundary, 외부 보상/멱등성을 분리해야 한다.	APPLY	DBI-TXN-01 본문은 short overview, small model, mechanism, DBMS boundary, replay, tail/trap 질문이 이 risk를 반복하지 않도록 topic-specific audit로 재검수한다.
DBI-TXN-01-S07	06-transaction-acid-boundary.md	함정 질문	부분적으로 맞지만 전체 설명을 망치는 shortcut을 막는다.	DBI-TXN-01-C01;DBI-TXN-01-C02	DBI-TXN-01-C03		DB transaction이 애플리케이션 업무 불변식과 외부 side effect까지 자동으로 원자화한다고 오해하는 위험	PG 승인 성공 뒤 DB rollback이나 autocommit 반쪽 이체를 설명하지 못하면 실패다.	업무 불변식, DB row set, connection boundary, 외부 보상/멱등성을 분리해야 한다.	APPLY	DBI-TXN-01 본문은 short overview, small model, mechanism, DBMS boundary, replay, tail/trap 질문이 이 risk를 반복하지 않도록 topic-specific audit로 재검수한다.
DBI-TXN-01-S08	06-transaction-acid-boundary.md	더 깊게 볼 자료	공식 source와 repo source를 분리해 추적 가능하게 한다.	DBI-TXN-01-C01;DBI-TXN-01-C02	DBI-TXN-01-C03		DB transaction이 애플리케이션 업무 불변식과 외부 side effect까지 자동으로 원자화한다고 오해하는 위험	PG 승인 성공 뒤 DB rollback이나 autocommit 반쪽 이체를 설명하지 못하면 실패다.	업무 불변식, DB row set, connection boundary, 외부 보상/멱등성을 분리해야 한다.	APPLY	DBI-TXN-01 본문은 short overview, small model, mechanism, DBMS boundary, replay, tail/trap 질문이 이 risk를 반복하지 않도록 topic-specific audit로 재검수한다.
DBI-MVCC-01-S01	07-mvcc-snapshot-visibility.md	2-5분 개요	면접 첫 답변이 본문의 실제 논증을 압축한다.	DBI-MVCC-01-C01;DBI-MVCC-01-C02	DBI-MVCC-01-C03		MVCC를 lock-free 성능 기법으로만 설명해 visible version 판정, write conflict, cleanup 비용을 누락하는 위험	오래 열린 transaction이 vacuum/purge를 막는 상황을 설명하지 못하면 실패다.	snapshot/read view, old version 위치, cleanup 주체, locking read 차이를 함께 봐야 한다.	APPLY	DBI-MVCC-01 본문은 short overview, small model, mechanism, DBMS boundary, replay, tail/trap 질문이 이 risk를 반복하지 않도록 topic-specific audit로 재검수한다.
DBI-MVCC-01-S02	07-mvcc-snapshot-visibility.md	먼저 잡아야 할 작은 모델	추상 개념을 대표 상태 변화 trace로 고정한다.	DBI-MVCC-01-C01;DBI-MVCC-01-C02	DBI-MVCC-01-C03		MVCC를 lock-free 성능 기법으로만 설명해 visible version 판정, write conflict, cleanup 비용을 누락하는 위험	오래 열린 transaction이 vacuum/purge를 막는 상황을 설명하지 못하면 실패다.	snapshot/read view, old version 위치, cleanup 주체, locking read 차이를 함께 봐야 한다.	APPLY	DBI-MVCC-01 본문은 short overview, small model, mechanism, DBMS boundary, replay, tail/trap 질문이 이 risk를 반복하지 않도록 topic-specific audit로 재검수한다.
DBI-MVCC-01-S03	07-mvcc-snapshot-visibility.md	깊은 메커니즘	source claim을 내부 상태 변화와 실패 모드로 재구성한다.	DBI-MVCC-01-C01;DBI-MVCC-01-C02	DBI-MVCC-01-C03		MVCC를 lock-free 성능 기법으로만 설명해 visible version 판정, write conflict, cleanup 비용을 누락하는 위험	오래 열린 transaction이 vacuum/purge를 막는 상황을 설명하지 못하면 실패다.	snapshot/read view, old version 위치, cleanup 주체, locking read 차이를 함께 봐야 한다.	APPLY	DBI-MVCC-01 본문은 short overview, small model, mechanism, DBMS boundary, replay, tail/trap 질문이 이 risk를 반복하지 않도록 topic-specific audit로 재검수한다.
DBI-MVCC-01-S04	07-mvcc-snapshot-visibility.md	DBMS별 경계	공통 목적과 제품별 구현 차이를 섞지 않는다.	DBI-MVCC-01-C01;DBI-MVCC-01-C02	DBI-MVCC-01-C03		MVCC를 lock-free 성능 기법으로만 설명해 visible version 판정, write conflict, cleanup 비용을 누락하는 위험	오래 열린 transaction이 vacuum/purge를 막는 상황을 설명하지 못하면 실패다.	snapshot/read view, old version 위치, cleanup 주체, locking read 차이를 함께 봐야 한다.	APPLY	DBI-MVCC-01 본문은 short overview, small model, mechanism, DBMS boundary, replay, tail/trap 질문이 이 risk를 반복하지 않도록 topic-specific audit로 재검수한다.
DBI-MVCC-01-S05	07-mvcc-snapshot-visibility.md	직접 재생해 보기	검증 가능한 관측 경로와 PASS/FAIL 신호를 남긴다.	DBI-MVCC-01-C01;DBI-MVCC-01-C02	DBI-MVCC-01-C03		MVCC를 lock-free 성능 기법으로만 설명해 visible version 판정, write conflict, cleanup 비용을 누락하는 위험	오래 열린 transaction이 vacuum/purge를 막는 상황을 설명하지 못하면 실패다.	snapshot/read view, old version 위치, cleanup 주체, locking read 차이를 함께 봐야 한다.	APPLY	DBI-MVCC-01 본문은 short overview, small model, mechanism, DBMS boundary, replay, tail/trap 질문이 이 risk를 반복하지 않도록 topic-specific audit로 재검수한다.
DBI-MVCC-01-S06	07-mvcc-snapshot-visibility.md	면접 꼬리 질문	짧은 답변 뒤 깊게 내려갈 질문을 준비한다.	DBI-MVCC-01-C01;DBI-MVCC-01-C02	DBI-MVCC-01-C03		MVCC를 lock-free 성능 기법으로만 설명해 visible version 판정, write conflict, cleanup 비용을 누락하는 위험	오래 열린 transaction이 vacuum/purge를 막는 상황을 설명하지 못하면 실패다.	snapshot/read view, old version 위치, cleanup 주체, locking read 차이를 함께 봐야 한다.	APPLY	DBI-MVCC-01 본문은 short overview, small model, mechanism, DBMS boundary, replay, tail/trap 질문이 이 risk를 반복하지 않도록 topic-specific audit로 재검수한다.
DBI-MVCC-01-S07	07-mvcc-snapshot-visibility.md	함정 질문	부분적으로 맞지만 전체 설명을 망치는 shortcut을 막는다.	DBI-MVCC-01-C01;DBI-MVCC-01-C02	DBI-MVCC-01-C03		MVCC를 lock-free 성능 기법으로만 설명해 visible version 판정, write conflict, cleanup 비용을 누락하는 위험	오래 열린 transaction이 vacuum/purge를 막는 상황을 설명하지 못하면 실패다.	snapshot/read view, old version 위치, cleanup 주체, locking read 차이를 함께 봐야 한다.	APPLY	DBI-MVCC-01 본문은 short overview, small model, mechanism, DBMS boundary, replay, tail/trap 질문이 이 risk를 반복하지 않도록 topic-specific audit로 재검수한다.
DBI-MVCC-01-S08	07-mvcc-snapshot-visibility.md	더 깊게 볼 자료	공식 source와 repo source를 분리해 추적 가능하게 한다.	DBI-MVCC-01-C01;DBI-MVCC-01-C02	DBI-MVCC-01-C03		MVCC를 lock-free 성능 기법으로만 설명해 visible version 판정, write conflict, cleanup 비용을 누락하는 위험	오래 열린 transaction이 vacuum/purge를 막는 상황을 설명하지 못하면 실패다.	snapshot/read view, old version 위치, cleanup 주체, locking read 차이를 함께 봐야 한다.	APPLY	DBI-MVCC-01 본문은 short overview, small model, mechanism, DBMS boundary, replay, tail/trap 질문이 이 risk를 반복하지 않도록 topic-specific audit로 재검수한다.
DBI-LOCK-01-S01	08-isolation-lock-deadlock.md	2-5분 개요	면접 첫 답변이 본문의 실제 논증을 압축한다.	DBI-LOCK-01-C01;DBI-LOCK-01-C02	DBI-LOCK-01-C03		isolation level 표 암기와 lock 이름 나열로 predicate invariant, range lock, deadlock retry를 놓치는 위험	두 transaction이 서로 다른 row를 잡고 상대 row를 기다리는 cycle을 그리지 못하면 실패다.	불변식 모양, 보호 자원 단위, lock order, retry boundary를 함께 고정해야 한다.	APPLY	DBI-LOCK-01 본문은 short overview, small model, mechanism, DBMS boundary, replay, tail/trap 질문이 이 risk를 반복하지 않도록 topic-specific audit로 재검수한다.
DBI-LOCK-01-S02	08-isolation-lock-deadlock.md	먼저 잡아야 할 작은 모델	추상 개념을 대표 상태 변화 trace로 고정한다.	DBI-LOCK-01-C01;DBI-LOCK-01-C02	DBI-LOCK-01-C03		isolation level 표 암기와 lock 이름 나열로 predicate invariant, range lock, deadlock retry를 놓치는 위험	두 transaction이 서로 다른 row를 잡고 상대 row를 기다리는 cycle을 그리지 못하면 실패다.	불변식 모양, 보호 자원 단위, lock order, retry boundary를 함께 고정해야 한다.	APPLY	DBI-LOCK-01 본문은 short overview, small model, mechanism, DBMS boundary, replay, tail/trap 질문이 이 risk를 반복하지 않도록 topic-specific audit로 재검수한다.
DBI-LOCK-01-S03	08-isolation-lock-deadlock.md	깊은 메커니즘	source claim을 내부 상태 변화와 실패 모드로 재구성한다.	DBI-LOCK-01-C01;DBI-LOCK-01-C02	DBI-LOCK-01-C03		isolation level 표 암기와 lock 이름 나열로 predicate invariant, range lock, deadlock retry를 놓치는 위험	두 transaction이 서로 다른 row를 잡고 상대 row를 기다리는 cycle을 그리지 못하면 실패다.	불변식 모양, 보호 자원 단위, lock order, retry boundary를 함께 고정해야 한다.	APPLY	DBI-LOCK-01 본문은 short overview, small model, mechanism, DBMS boundary, replay, tail/trap 질문이 이 risk를 반복하지 않도록 topic-specific audit로 재검수한다.
DBI-LOCK-01-S04	08-isolation-lock-deadlock.md	DBMS별 경계	공통 목적과 제품별 구현 차이를 섞지 않는다.	DBI-LOCK-01-C01;DBI-LOCK-01-C02	DBI-LOCK-01-C03		isolation level 표 암기와 lock 이름 나열로 predicate invariant, range lock, deadlock retry를 놓치는 위험	두 transaction이 서로 다른 row를 잡고 상대 row를 기다리는 cycle을 그리지 못하면 실패다.	불변식 모양, 보호 자원 단위, lock order, retry boundary를 함께 고정해야 한다.	APPLY	DBI-LOCK-01 본문은 short overview, small model, mechanism, DBMS boundary, replay, tail/trap 질문이 이 risk를 반복하지 않도록 topic-specific audit로 재검수한다.
DBI-LOCK-01-S05	08-isolation-lock-deadlock.md	직접 재생해 보기	검증 가능한 관측 경로와 PASS/FAIL 신호를 남긴다.	DBI-LOCK-01-C01;DBI-LOCK-01-C02	DBI-LOCK-01-C03		isolation level 표 암기와 lock 이름 나열로 predicate invariant, range lock, deadlock retry를 놓치는 위험	두 transaction이 서로 다른 row를 잡고 상대 row를 기다리는 cycle을 그리지 못하면 실패다.	불변식 모양, 보호 자원 단위, lock order, retry boundary를 함께 고정해야 한다.	APPLY	DBI-LOCK-01 본문은 short overview, small model, mechanism, DBMS boundary, replay, tail/trap 질문이 이 risk를 반복하지 않도록 topic-specific audit로 재검수한다.
DBI-LOCK-01-S06	08-isolation-lock-deadlock.md	면접 꼬리 질문	짧은 답변 뒤 깊게 내려갈 질문을 준비한다.	DBI-LOCK-01-C01;DBI-LOCK-01-C02	DBI-LOCK-01-C03		isolation level 표 암기와 lock 이름 나열로 predicate invariant, range lock, deadlock retry를 놓치는 위험	두 transaction이 서로 다른 row를 잡고 상대 row를 기다리는 cycle을 그리지 못하면 실패다.	불변식 모양, 보호 자원 단위, lock order, retry boundary를 함께 고정해야 한다.	APPLY	DBI-LOCK-01 본문은 short overview, small model, mechanism, DBMS boundary, replay, tail/trap 질문이 이 risk를 반복하지 않도록 topic-specific audit로 재검수한다.
DBI-LOCK-01-S07	08-isolation-lock-deadlock.md	함정 질문	부분적으로 맞지만 전체 설명을 망치는 shortcut을 막는다.	DBI-LOCK-01-C01;DBI-LOCK-01-C02	DBI-LOCK-01-C03		isolation level 표 암기와 lock 이름 나열로 predicate invariant, range lock, deadlock retry를 놓치는 위험	두 transaction이 서로 다른 row를 잡고 상대 row를 기다리는 cycle을 그리지 못하면 실패다.	불변식 모양, 보호 자원 단위, lock order, retry boundary를 함께 고정해야 한다.	APPLY	DBI-LOCK-01 본문은 short overview, small model, mechanism, DBMS boundary, replay, tail/trap 질문이 이 risk를 반복하지 않도록 topic-specific audit로 재검수한다.
DBI-LOCK-01-S08	08-isolation-lock-deadlock.md	더 깊게 볼 자료	공식 source와 repo source를 분리해 추적 가능하게 한다.	DBI-LOCK-01-C01;DBI-LOCK-01-C02	DBI-LOCK-01-C03		isolation level 표 암기와 lock 이름 나열로 predicate invariant, range lock, deadlock retry를 놓치는 위험	두 transaction이 서로 다른 row를 잡고 상대 row를 기다리는 cycle을 그리지 못하면 실패다.	불변식 모양, 보호 자원 단위, lock order, retry boundary를 함께 고정해야 한다.	APPLY	DBI-LOCK-01 본문은 short overview, small model, mechanism, DBMS boundary, replay, tail/trap 질문이 이 risk를 반복하지 않도록 topic-specific audit로 재검수한다.
DBI-REPL-01-S01	09-replication-lag-backup-failover.md	2-5분 개요	면접 첫 답변이 본문의 실제 논증을 압축한다.	DBI-REPL-01-C01;DBI-REPL-01-C02	DBI-REPL-01-C03		replica, backup, PITR, failover를 모두 고가용성 수단으로 뭉쳐 최신성, 과거 복구, 쓰기 주체 변경을 혼동하는 위험	잘못된 DELETE가 replica에도 복제되는 상황을 backup으로 복구할 수 있는지 설명하지 못하면 실패다.	lag, RPO/RTO, log chain, restore drill, fencing과 routing을 분리해야 한다.	APPLY	DBI-REPL-01 본문은 short overview, small model, mechanism, DBMS boundary, replay, tail/trap 질문이 이 risk를 반복하지 않도록 topic-specific audit로 재검수한다.
DBI-REPL-01-S02	09-replication-lag-backup-failover.md	먼저 잡아야 할 작은 모델	추상 개념을 대표 상태 변화 trace로 고정한다.	DBI-REPL-01-C01;DBI-REPL-01-C02	DBI-REPL-01-C03		replica, backup, PITR, failover를 모두 고가용성 수단으로 뭉쳐 최신성, 과거 복구, 쓰기 주체 변경을 혼동하는 위험	잘못된 DELETE가 replica에도 복제되는 상황을 backup으로 복구할 수 있는지 설명하지 못하면 실패다.	lag, RPO/RTO, log chain, restore drill, fencing과 routing을 분리해야 한다.	APPLY	DBI-REPL-01 본문은 short overview, small model, mechanism, DBMS boundary, replay, tail/trap 질문이 이 risk를 반복하지 않도록 topic-specific audit로 재검수한다.
DBI-REPL-01-S03	09-replication-lag-backup-failover.md	깊은 메커니즘	source claim을 내부 상태 변화와 실패 모드로 재구성한다.	DBI-REPL-01-C01;DBI-REPL-01-C02	DBI-REPL-01-C03		replica, backup, PITR, failover를 모두 고가용성 수단으로 뭉쳐 최신성, 과거 복구, 쓰기 주체 변경을 혼동하는 위험	잘못된 DELETE가 replica에도 복제되는 상황을 backup으로 복구할 수 있는지 설명하지 못하면 실패다.	lag, RPO/RTO, log chain, restore drill, fencing과 routing을 분리해야 한다.	APPLY	DBI-REPL-01 본문은 short overview, small model, mechanism, DBMS boundary, replay, tail/trap 질문이 이 risk를 반복하지 않도록 topic-specific audit로 재검수한다.
DBI-REPL-01-S04	09-replication-lag-backup-failover.md	DBMS별 경계	공통 목적과 제품별 구현 차이를 섞지 않는다.	DBI-REPL-01-C01;DBI-REPL-01-C02	DBI-REPL-01-C03		replica, backup, PITR, failover를 모두 고가용성 수단으로 뭉쳐 최신성, 과거 복구, 쓰기 주체 변경을 혼동하는 위험	잘못된 DELETE가 replica에도 복제되는 상황을 backup으로 복구할 수 있는지 설명하지 못하면 실패다.	lag, RPO/RTO, log chain, restore drill, fencing과 routing을 분리해야 한다.	APPLY	DBI-REPL-01 본문은 short overview, small model, mechanism, DBMS boundary, replay, tail/trap 질문이 이 risk를 반복하지 않도록 topic-specific audit로 재검수한다.
DBI-REPL-01-S05	09-replication-lag-backup-failover.md	직접 재생해 보기	검증 가능한 관측 경로와 PASS/FAIL 신호를 남긴다.	DBI-REPL-01-C01;DBI-REPL-01-C02	DBI-REPL-01-C03		replica, backup, PITR, failover를 모두 고가용성 수단으로 뭉쳐 최신성, 과거 복구, 쓰기 주체 변경을 혼동하는 위험	잘못된 DELETE가 replica에도 복제되는 상황을 backup으로 복구할 수 있는지 설명하지 못하면 실패다.	lag, RPO/RTO, log chain, restore drill, fencing과 routing을 분리해야 한다.	APPLY	DBI-REPL-01 본문은 short overview, small model, mechanism, DBMS boundary, replay, tail/trap 질문이 이 risk를 반복하지 않도록 topic-specific audit로 재검수한다.
DBI-REPL-01-S06	09-replication-lag-backup-failover.md	면접 꼬리 질문	짧은 답변 뒤 깊게 내려갈 질문을 준비한다.	DBI-REPL-01-C01;DBI-REPL-01-C02	DBI-REPL-01-C03		replica, backup, PITR, failover를 모두 고가용성 수단으로 뭉쳐 최신성, 과거 복구, 쓰기 주체 변경을 혼동하는 위험	잘못된 DELETE가 replica에도 복제되는 상황을 backup으로 복구할 수 있는지 설명하지 못하면 실패다.	lag, RPO/RTO, log chain, restore drill, fencing과 routing을 분리해야 한다.	APPLY	DBI-REPL-01 본문은 short overview, small model, mechanism, DBMS boundary, replay, tail/trap 질문이 이 risk를 반복하지 않도록 topic-specific audit로 재검수한다.
DBI-REPL-01-S07	09-replication-lag-backup-failover.md	함정 질문	부분적으로 맞지만 전체 설명을 망치는 shortcut을 막는다.	DBI-REPL-01-C01;DBI-REPL-01-C02	DBI-REPL-01-C03		replica, backup, PITR, failover를 모두 고가용성 수단으로 뭉쳐 최신성, 과거 복구, 쓰기 주체 변경을 혼동하는 위험	잘못된 DELETE가 replica에도 복제되는 상황을 backup으로 복구할 수 있는지 설명하지 못하면 실패다.	lag, RPO/RTO, log chain, restore drill, fencing과 routing을 분리해야 한다.	APPLY	DBI-REPL-01 본문은 short overview, small model, mechanism, DBMS boundary, replay, tail/trap 질문이 이 risk를 반복하지 않도록 topic-specific audit로 재검수한다.
DBI-REPL-01-S08	09-replication-lag-backup-failover.md	더 깊게 볼 자료	공식 source와 repo source를 분리해 추적 가능하게 한다.	DBI-REPL-01-C01;DBI-REPL-01-C02	DBI-REPL-01-C03		replica, backup, PITR, failover를 모두 고가용성 수단으로 뭉쳐 최신성, 과거 복구, 쓰기 주체 변경을 혼동하는 위험	잘못된 DELETE가 replica에도 복제되는 상황을 backup으로 복구할 수 있는지 설명하지 못하면 실패다.	lag, RPO/RTO, log chain, restore drill, fencing과 routing을 분리해야 한다.	APPLY	DBI-REPL-01 본문은 short overview, small model, mechanism, DBMS boundary, replay, tail/trap 질문이 이 risk를 반복하지 않도록 topic-specific audit로 재검수한다.
DBI-DIST-01-S01	10-partition-sharding-distributed-sql.md	2-5분 개요	면접 첫 답변이 본문의 실제 논증을 압축한다.	DBI-DIST-01-C01;DBI-DIST-01-C02	DBI-DIST-01-C03		partition, sharding, distributed SQL을 모두 큰 테이블을 나누는 방법으로 합쳐 transaction, uniqueness, routing 비용을 숨기는 위험	cross-shard unique constraint나 resharding 중 hot shard를 설명하지 못하면 실패다.	나누는 단위, routing key, cross-partition query, consensus/transaction 비용을 함께 봐야 한다.	APPLY	DBI-DIST-01 본문은 short overview, small model, mechanism, DBMS boundary, replay, tail/trap 질문이 이 risk를 반복하지 않도록 topic-specific audit로 재검수한다.
DBI-DIST-01-S02	10-partition-sharding-distributed-sql.md	먼저 잡아야 할 작은 모델	추상 개념을 대표 상태 변화 trace로 고정한다.	DBI-DIST-01-C01;DBI-DIST-01-C02	DBI-DIST-01-C03		partition, sharding, distributed SQL을 모두 큰 테이블을 나누는 방법으로 합쳐 transaction, uniqueness, routing 비용을 숨기는 위험	cross-shard unique constraint나 resharding 중 hot shard를 설명하지 못하면 실패다.	나누는 단위, routing key, cross-partition query, consensus/transaction 비용을 함께 봐야 한다.	APPLY	DBI-DIST-01 본문은 short overview, small model, mechanism, DBMS boundary, replay, tail/trap 질문이 이 risk를 반복하지 않도록 topic-specific audit로 재검수한다.
DBI-DIST-01-S03	10-partition-sharding-distributed-sql.md	깊은 메커니즘	source claim을 내부 상태 변화와 실패 모드로 재구성한다.	DBI-DIST-01-C01;DBI-DIST-01-C02	DBI-DIST-01-C03		partition, sharding, distributed SQL을 모두 큰 테이블을 나누는 방법으로 합쳐 transaction, uniqueness, routing 비용을 숨기는 위험	cross-shard unique constraint나 resharding 중 hot shard를 설명하지 못하면 실패다.	나누는 단위, routing key, cross-partition query, consensus/transaction 비용을 함께 봐야 한다.	APPLY	DBI-DIST-01 본문은 short overview, small model, mechanism, DBMS boundary, replay, tail/trap 질문이 이 risk를 반복하지 않도록 topic-specific audit로 재검수한다.
DBI-DIST-01-S04	10-partition-sharding-distributed-sql.md	DBMS별 경계	공통 목적과 제품별 구현 차이를 섞지 않는다.	DBI-DIST-01-C01;DBI-DIST-01-C02	DBI-DIST-01-C03		partition, sharding, distributed SQL을 모두 큰 테이블을 나누는 방법으로 합쳐 transaction, uniqueness, routing 비용을 숨기는 위험	cross-shard unique constraint나 resharding 중 hot shard를 설명하지 못하면 실패다.	나누는 단위, routing key, cross-partition query, consensus/transaction 비용을 함께 봐야 한다.	APPLY	DBI-DIST-01 본문은 short overview, small model, mechanism, DBMS boundary, replay, tail/trap 질문이 이 risk를 반복하지 않도록 topic-specific audit로 재검수한다.
DBI-DIST-01-S05	10-partition-sharding-distributed-sql.md	직접 재생해 보기	검증 가능한 관측 경로와 PASS/FAIL 신호를 남긴다.	DBI-DIST-01-C01;DBI-DIST-01-C02	DBI-DIST-01-C03		partition, sharding, distributed SQL을 모두 큰 테이블을 나누는 방법으로 합쳐 transaction, uniqueness, routing 비용을 숨기는 위험	cross-shard unique constraint나 resharding 중 hot shard를 설명하지 못하면 실패다.	나누는 단위, routing key, cross-partition query, consensus/transaction 비용을 함께 봐야 한다.	APPLY	DBI-DIST-01 본문은 short overview, small model, mechanism, DBMS boundary, replay, tail/trap 질문이 이 risk를 반복하지 않도록 topic-specific audit로 재검수한다.
DBI-DIST-01-S06	10-partition-sharding-distributed-sql.md	면접 꼬리 질문	짧은 답변 뒤 깊게 내려갈 질문을 준비한다.	DBI-DIST-01-C01;DBI-DIST-01-C02	DBI-DIST-01-C03		partition, sharding, distributed SQL을 모두 큰 테이블을 나누는 방법으로 합쳐 transaction, uniqueness, routing 비용을 숨기는 위험	cross-shard unique constraint나 resharding 중 hot shard를 설명하지 못하면 실패다.	나누는 단위, routing key, cross-partition query, consensus/transaction 비용을 함께 봐야 한다.	APPLY	DBI-DIST-01 본문은 short overview, small model, mechanism, DBMS boundary, replay, tail/trap 질문이 이 risk를 반복하지 않도록 topic-specific audit로 재검수한다.
DBI-DIST-01-S07	10-partition-sharding-distributed-sql.md	함정 질문	부분적으로 맞지만 전체 설명을 망치는 shortcut을 막는다.	DBI-DIST-01-C01;DBI-DIST-01-C02	DBI-DIST-01-C03		partition, sharding, distributed SQL을 모두 큰 테이블을 나누는 방법으로 합쳐 transaction, uniqueness, routing 비용을 숨기는 위험	cross-shard unique constraint나 resharding 중 hot shard를 설명하지 못하면 실패다.	나누는 단위, routing key, cross-partition query, consensus/transaction 비용을 함께 봐야 한다.	APPLY	DBI-DIST-01 본문은 short overview, small model, mechanism, DBMS boundary, replay, tail/trap 질문이 이 risk를 반복하지 않도록 topic-specific audit로 재검수한다.
DBI-DIST-01-S08	10-partition-sharding-distributed-sql.md	더 깊게 볼 자료	공식 source와 repo source를 분리해 추적 가능하게 한다.	DBI-DIST-01-C01;DBI-DIST-01-C02	DBI-DIST-01-C03		partition, sharding, distributed SQL을 모두 큰 테이블을 나누는 방법으로 합쳐 transaction, uniqueness, routing 비용을 숨기는 위험	cross-shard unique constraint나 resharding 중 hot shard를 설명하지 못하면 실패다.	나누는 단위, routing key, cross-partition query, consensus/transaction 비용을 함께 봐야 한다.	APPLY	DBI-DIST-01 본문은 short overview, small model, mechanism, DBMS boundary, replay, tail/trap 질문이 이 risk를 반복하지 않도록 topic-specific audit로 재검수한다.
DBI-ENGINE-01-S01	11-mysql-postgresql-engine-deep-dive.md	2-5분 개요	면접 첫 답변이 본문의 실제 논증을 압축한다.	DBI-ENGINE-01-C01;DBI-ENGINE-01-C02	DBI-ENGINE-01-C03		MySQL과 PostgreSQL을 같은 SQL 표면으로만 비교해 heap/clustered index, tuple/undo, WAL/redo/binlog 경계를 지우는 위험	vacuum과 purge 또는 WAL과 binlog를 같은 운영 처방으로 말하면 실패다.	저장 구조, version 관리, 복구 로그, lock, planner 지표를 제품별로 나눠야 한다.	APPLY	DBI-ENGINE-01 본문은 short overview, small model, mechanism, DBMS boundary, replay, tail/trap 질문이 이 risk를 반복하지 않도록 topic-specific audit로 재검수한다.
DBI-ENGINE-01-S02	11-mysql-postgresql-engine-deep-dive.md	먼저 잡아야 할 작은 모델	추상 개념을 대표 상태 변화 trace로 고정한다.	DBI-ENGINE-01-C01;DBI-ENGINE-01-C02	DBI-ENGINE-01-C03		MySQL과 PostgreSQL을 같은 SQL 표면으로만 비교해 heap/clustered index, tuple/undo, WAL/redo/binlog 경계를 지우는 위험	vacuum과 purge 또는 WAL과 binlog를 같은 운영 처방으로 말하면 실패다.	저장 구조, version 관리, 복구 로그, lock, planner 지표를 제품별로 나눠야 한다.	APPLY	DBI-ENGINE-01 본문은 short overview, small model, mechanism, DBMS boundary, replay, tail/trap 질문이 이 risk를 반복하지 않도록 topic-specific audit로 재검수한다.
DBI-ENGINE-01-S03	11-mysql-postgresql-engine-deep-dive.md	깊은 메커니즘	source claim을 내부 상태 변화와 실패 모드로 재구성한다.	DBI-ENGINE-01-C01;DBI-ENGINE-01-C02	DBI-ENGINE-01-C03		MySQL과 PostgreSQL을 같은 SQL 표면으로만 비교해 heap/clustered index, tuple/undo, WAL/redo/binlog 경계를 지우는 위험	vacuum과 purge 또는 WAL과 binlog를 같은 운영 처방으로 말하면 실패다.	저장 구조, version 관리, 복구 로그, lock, planner 지표를 제품별로 나눠야 한다.	APPLY	DBI-ENGINE-01 본문은 short overview, small model, mechanism, DBMS boundary, replay, tail/trap 질문이 이 risk를 반복하지 않도록 topic-specific audit로 재검수한다.
DBI-ENGINE-01-S04	11-mysql-postgresql-engine-deep-dive.md	DBMS별 경계	공통 목적과 제품별 구현 차이를 섞지 않는다.	DBI-ENGINE-01-C01;DBI-ENGINE-01-C02	DBI-ENGINE-01-C03		MySQL과 PostgreSQL을 같은 SQL 표면으로만 비교해 heap/clustered index, tuple/undo, WAL/redo/binlog 경계를 지우는 위험	vacuum과 purge 또는 WAL과 binlog를 같은 운영 처방으로 말하면 실패다.	저장 구조, version 관리, 복구 로그, lock, planner 지표를 제품별로 나눠야 한다.	APPLY	DBI-ENGINE-01 본문은 short overview, small model, mechanism, DBMS boundary, replay, tail/trap 질문이 이 risk를 반복하지 않도록 topic-specific audit로 재검수한다.
DBI-ENGINE-01-S05	11-mysql-postgresql-engine-deep-dive.md	직접 재생해 보기	검증 가능한 관측 경로와 PASS/FAIL 신호를 남긴다.	DBI-ENGINE-01-C01;DBI-ENGINE-01-C02	DBI-ENGINE-01-C03		MySQL과 PostgreSQL을 같은 SQL 표면으로만 비교해 heap/clustered index, tuple/undo, WAL/redo/binlog 경계를 지우는 위험	vacuum과 purge 또는 WAL과 binlog를 같은 운영 처방으로 말하면 실패다.	저장 구조, version 관리, 복구 로그, lock, planner 지표를 제품별로 나눠야 한다.	APPLY	DBI-ENGINE-01 본문은 short overview, small model, mechanism, DBMS boundary, replay, tail/trap 질문이 이 risk를 반복하지 않도록 topic-specific audit로 재검수한다.
DBI-ENGINE-01-S06	11-mysql-postgresql-engine-deep-dive.md	면접 꼬리 질문	짧은 답변 뒤 깊게 내려갈 질문을 준비한다.	DBI-ENGINE-01-C01;DBI-ENGINE-01-C02	DBI-ENGINE-01-C03		MySQL과 PostgreSQL을 같은 SQL 표면으로만 비교해 heap/clustered index, tuple/undo, WAL/redo/binlog 경계를 지우는 위험	vacuum과 purge 또는 WAL과 binlog를 같은 운영 처방으로 말하면 실패다.	저장 구조, version 관리, 복구 로그, lock, planner 지표를 제품별로 나눠야 한다.	APPLY	DBI-ENGINE-01 본문은 short overview, small model, mechanism, DBMS boundary, replay, tail/trap 질문이 이 risk를 반복하지 않도록 topic-specific audit로 재검수한다.
DBI-ENGINE-01-S07	11-mysql-postgresql-engine-deep-dive.md	함정 질문	부분적으로 맞지만 전체 설명을 망치는 shortcut을 막는다.	DBI-ENGINE-01-C01;DBI-ENGINE-01-C02	DBI-ENGINE-01-C03		MySQL과 PostgreSQL을 같은 SQL 표면으로만 비교해 heap/clustered index, tuple/undo, WAL/redo/binlog 경계를 지우는 위험	vacuum과 purge 또는 WAL과 binlog를 같은 운영 처방으로 말하면 실패다.	저장 구조, version 관리, 복구 로그, lock, planner 지표를 제품별로 나눠야 한다.	APPLY	DBI-ENGINE-01 본문은 short overview, small model, mechanism, DBMS boundary, replay, tail/trap 질문이 이 risk를 반복하지 않도록 topic-specific audit로 재검수한다.
DBI-ENGINE-01-S08	11-mysql-postgresql-engine-deep-dive.md	더 깊게 볼 자료	공식 source와 repo source를 분리해 추적 가능하게 한다.	DBI-ENGINE-01-C01;DBI-ENGINE-01-C02	DBI-ENGINE-01-C03		MySQL과 PostgreSQL을 같은 SQL 표면으로만 비교해 heap/clustered index, tuple/undo, WAL/redo/binlog 경계를 지우는 위험	vacuum과 purge 또는 WAL과 binlog를 같은 운영 처방으로 말하면 실패다.	저장 구조, version 관리, 복구 로그, lock, planner 지표를 제품별로 나눠야 한다.	APPLY	DBI-ENGINE-01 본문은 short overview, small model, mechanism, DBMS boundary, replay, tail/trap 질문이 이 risk를 반복하지 않도록 topic-specific audit로 재검수한다.
DBI-APP-01-S01	12-application-boundaries-idempotency-money-outbox.md	2-5분 개요	면접 첫 답변이 본문의 실제 논증을 압축한다.	DBI-APP-01-C01;DBI-APP-01-C02	DBI-APP-01-C03		ACID를 말하면 결제, 멱등성, 원장, outbox가 자동으로 닫힌다고 오해하는 위험	timeout을 실패로 단정해 중복 승인하거나 outbox만 두고 consumer 중복 방지를 빼면 실패다.	idempotency key, unknown state, ledger/balance, money rounding, outbox consumer 계약을 함께 봐야 한다.	APPLY	DBI-APP-01 본문은 short overview, small model, mechanism, DBMS boundary, replay, tail/trap 질문이 이 risk를 반복하지 않도록 topic-specific audit로 재검수한다.
DBI-APP-01-S02	12-application-boundaries-idempotency-money-outbox.md	먼저 잡아야 할 작은 모델	추상 개념을 대표 상태 변화 trace로 고정한다.	DBI-APP-01-C01;DBI-APP-01-C02	DBI-APP-01-C03		ACID를 말하면 결제, 멱등성, 원장, outbox가 자동으로 닫힌다고 오해하는 위험	timeout을 실패로 단정해 중복 승인하거나 outbox만 두고 consumer 중복 방지를 빼면 실패다.	idempotency key, unknown state, ledger/balance, money rounding, outbox consumer 계약을 함께 봐야 한다.	APPLY	DBI-APP-01 본문은 short overview, small model, mechanism, DBMS boundary, replay, tail/trap 질문이 이 risk를 반복하지 않도록 topic-specific audit로 재검수한다.
DBI-APP-01-S03	12-application-boundaries-idempotency-money-outbox.md	깊은 메커니즘	source claim을 내부 상태 변화와 실패 모드로 재구성한다.	DBI-APP-01-C01;DBI-APP-01-C02	DBI-APP-01-C03		ACID를 말하면 결제, 멱등성, 원장, outbox가 자동으로 닫힌다고 오해하는 위험	timeout을 실패로 단정해 중복 승인하거나 outbox만 두고 consumer 중복 방지를 빼면 실패다.	idempotency key, unknown state, ledger/balance, money rounding, outbox consumer 계약을 함께 봐야 한다.	APPLY	DBI-APP-01 본문은 short overview, small model, mechanism, DBMS boundary, replay, tail/trap 질문이 이 risk를 반복하지 않도록 topic-specific audit로 재검수한다.
DBI-APP-01-S04	12-application-boundaries-idempotency-money-outbox.md	DBMS별 경계	공통 목적과 제품별 구현 차이를 섞지 않는다.	DBI-APP-01-C01;DBI-APP-01-C02	DBI-APP-01-C03		ACID를 말하면 결제, 멱등성, 원장, outbox가 자동으로 닫힌다고 오해하는 위험	timeout을 실패로 단정해 중복 승인하거나 outbox만 두고 consumer 중복 방지를 빼면 실패다.	idempotency key, unknown state, ledger/balance, money rounding, outbox consumer 계약을 함께 봐야 한다.	APPLY	DBI-APP-01 본문은 short overview, small model, mechanism, DBMS boundary, replay, tail/trap 질문이 이 risk를 반복하지 않도록 topic-specific audit로 재검수한다.
DBI-APP-01-S05	12-application-boundaries-idempotency-money-outbox.md	직접 재생해 보기	검증 가능한 관측 경로와 PASS/FAIL 신호를 남긴다.	DBI-APP-01-C01;DBI-APP-01-C02	DBI-APP-01-C03		ACID를 말하면 결제, 멱등성, 원장, outbox가 자동으로 닫힌다고 오해하는 위험	timeout을 실패로 단정해 중복 승인하거나 outbox만 두고 consumer 중복 방지를 빼면 실패다.	idempotency key, unknown state, ledger/balance, money rounding, outbox consumer 계약을 함께 봐야 한다.	APPLY	DBI-APP-01 본문은 short overview, small model, mechanism, DBMS boundary, replay, tail/trap 질문이 이 risk를 반복하지 않도록 topic-specific audit로 재검수한다.
DBI-APP-01-S06	12-application-boundaries-idempotency-money-outbox.md	면접 꼬리 질문	짧은 답변 뒤 깊게 내려갈 질문을 준비한다.	DBI-APP-01-C01;DBI-APP-01-C02	DBI-APP-01-C03		ACID를 말하면 결제, 멱등성, 원장, outbox가 자동으로 닫힌다고 오해하는 위험	timeout을 실패로 단정해 중복 승인하거나 outbox만 두고 consumer 중복 방지를 빼면 실패다.	idempotency key, unknown state, ledger/balance, money rounding, outbox consumer 계약을 함께 봐야 한다.	APPLY	DBI-APP-01 본문은 short overview, small model, mechanism, DBMS boundary, replay, tail/trap 질문이 이 risk를 반복하지 않도록 topic-specific audit로 재검수한다.
DBI-APP-01-S07	12-application-boundaries-idempotency-money-outbox.md	함정 질문	부분적으로 맞지만 전체 설명을 망치는 shortcut을 막는다.	DBI-APP-01-C01;DBI-APP-01-C02	DBI-APP-01-C03		ACID를 말하면 결제, 멱등성, 원장, outbox가 자동으로 닫힌다고 오해하는 위험	timeout을 실패로 단정해 중복 승인하거나 outbox만 두고 consumer 중복 방지를 빼면 실패다.	idempotency key, unknown state, ledger/balance, money rounding, outbox consumer 계약을 함께 봐야 한다.	APPLY	DBI-APP-01 본문은 short overview, small model, mechanism, DBMS boundary, replay, tail/trap 질문이 이 risk를 반복하지 않도록 topic-specific audit로 재검수한다.
DBI-APP-01-S08	12-application-boundaries-idempotency-money-outbox.md	더 깊게 볼 자료	공식 source와 repo source를 분리해 추적 가능하게 한다.	DBI-APP-01-C01;DBI-APP-01-C02	DBI-APP-01-C03		ACID를 말하면 결제, 멱등성, 원장, outbox가 자동으로 닫힌다고 오해하는 위험	timeout을 실패로 단정해 중복 승인하거나 outbox만 두고 consumer 중복 방지를 빼면 실패다.	idempotency key, unknown state, ledger/balance, money rounding, outbox consumer 계약을 함께 봐야 한다.	APPLY	DBI-APP-01 본문은 short overview, small model, mechanism, DBMS boundary, replay, tail/trap 질문이 이 risk를 반복하지 않도록 topic-specific audit로 재검수한다.
DBI-OPS-01-S01	13-operations-security-troubleshooting.md	2-5분 개요	면접 첫 답변이 본문의 실제 논증을 압축한다.	DBI-OPS-01-C01;DBI-OPS-01-C02	DBI-OPS-01-C03		느린 쿼리와 권한 문제를 단일 해결책으로 좁혀 증상, blocker, lag, secret, 감사 경계를 누락하는 위험	index 추가가 lock wait나 replica lag 원인을 해결하지 못하는 상황을 분리하지 못하면 실패다.	증상에서 관측값, 직접 원인, 안전한 완화, 재발 방지와 보안 경계를 순서대로 봐야 한다.	APPLY	DBI-OPS-01 본문은 short overview, small model, mechanism, DBMS boundary, replay, tail/trap 질문이 이 risk를 반복하지 않도록 topic-specific audit로 재검수한다.
DBI-OPS-01-S02	13-operations-security-troubleshooting.md	먼저 잡아야 할 작은 모델	추상 개념을 대표 상태 변화 trace로 고정한다.	DBI-OPS-01-C01;DBI-OPS-01-C02	DBI-OPS-01-C03		느린 쿼리와 권한 문제를 단일 해결책으로 좁혀 증상, blocker, lag, secret, 감사 경계를 누락하는 위험	index 추가가 lock wait나 replica lag 원인을 해결하지 못하는 상황을 분리하지 못하면 실패다.	증상에서 관측값, 직접 원인, 안전한 완화, 재발 방지와 보안 경계를 순서대로 봐야 한다.	APPLY	DBI-OPS-01 본문은 short overview, small model, mechanism, DBMS boundary, replay, tail/trap 질문이 이 risk를 반복하지 않도록 topic-specific audit로 재검수한다.
DBI-OPS-01-S03	13-operations-security-troubleshooting.md	깊은 메커니즘	source claim을 내부 상태 변화와 실패 모드로 재구성한다.	DBI-OPS-01-C01;DBI-OPS-01-C02	DBI-OPS-01-C03		느린 쿼리와 권한 문제를 단일 해결책으로 좁혀 증상, blocker, lag, secret, 감사 경계를 누락하는 위험	index 추가가 lock wait나 replica lag 원인을 해결하지 못하는 상황을 분리하지 못하면 실패다.	증상에서 관측값, 직접 원인, 안전한 완화, 재발 방지와 보안 경계를 순서대로 봐야 한다.	APPLY	DBI-OPS-01 본문은 short overview, small model, mechanism, DBMS boundary, replay, tail/trap 질문이 이 risk를 반복하지 않도록 topic-specific audit로 재검수한다.
DBI-OPS-01-S04	13-operations-security-troubleshooting.md	DBMS별 경계	공통 목적과 제품별 구현 차이를 섞지 않는다.	DBI-OPS-01-C01;DBI-OPS-01-C02	DBI-OPS-01-C03		느린 쿼리와 권한 문제를 단일 해결책으로 좁혀 증상, blocker, lag, secret, 감사 경계를 누락하는 위험	index 추가가 lock wait나 replica lag 원인을 해결하지 못하는 상황을 분리하지 못하면 실패다.	증상에서 관측값, 직접 원인, 안전한 완화, 재발 방지와 보안 경계를 순서대로 봐야 한다.	APPLY	DBI-OPS-01 본문은 short overview, small model, mechanism, DBMS boundary, replay, tail/trap 질문이 이 risk를 반복하지 않도록 topic-specific audit로 재검수한다.
DBI-OPS-01-S05	13-operations-security-troubleshooting.md	직접 재생해 보기	검증 가능한 관측 경로와 PASS/FAIL 신호를 남긴다.	DBI-OPS-01-C01;DBI-OPS-01-C02	DBI-OPS-01-C03		느린 쿼리와 권한 문제를 단일 해결책으로 좁혀 증상, blocker, lag, secret, 감사 경계를 누락하는 위험	index 추가가 lock wait나 replica lag 원인을 해결하지 못하는 상황을 분리하지 못하면 실패다.	증상에서 관측값, 직접 원인, 안전한 완화, 재발 방지와 보안 경계를 순서대로 봐야 한다.	APPLY	DBI-OPS-01 본문은 short overview, small model, mechanism, DBMS boundary, replay, tail/trap 질문이 이 risk를 반복하지 않도록 topic-specific audit로 재검수한다.
DBI-OPS-01-S06	13-operations-security-troubleshooting.md	면접 꼬리 질문	짧은 답변 뒤 깊게 내려갈 질문을 준비한다.	DBI-OPS-01-C01;DBI-OPS-01-C02	DBI-OPS-01-C03		느린 쿼리와 권한 문제를 단일 해결책으로 좁혀 증상, blocker, lag, secret, 감사 경계를 누락하는 위험	index 추가가 lock wait나 replica lag 원인을 해결하지 못하는 상황을 분리하지 못하면 실패다.	증상에서 관측값, 직접 원인, 안전한 완화, 재발 방지와 보안 경계를 순서대로 봐야 한다.	APPLY	DBI-OPS-01 본문은 short overview, small model, mechanism, DBMS boundary, replay, tail/trap 질문이 이 risk를 반복하지 않도록 topic-specific audit로 재검수한다.
DBI-OPS-01-S07	13-operations-security-troubleshooting.md	함정 질문	부분적으로 맞지만 전체 설명을 망치는 shortcut을 막는다.	DBI-OPS-01-C01;DBI-OPS-01-C02	DBI-OPS-01-C03		느린 쿼리와 권한 문제를 단일 해결책으로 좁혀 증상, blocker, lag, secret, 감사 경계를 누락하는 위험	index 추가가 lock wait나 replica lag 원인을 해결하지 못하는 상황을 분리하지 못하면 실패다.	증상에서 관측값, 직접 원인, 안전한 완화, 재발 방지와 보안 경계를 순서대로 봐야 한다.	APPLY	DBI-OPS-01 본문은 short overview, small model, mechanism, DBMS boundary, replay, tail/trap 질문이 이 risk를 반복하지 않도록 topic-specific audit로 재검수한다.
DBI-OPS-01-S08	13-operations-security-troubleshooting.md	더 깊게 볼 자료	공식 source와 repo source를 분리해 추적 가능하게 한다.	DBI-OPS-01-C01;DBI-OPS-01-C02	DBI-OPS-01-C03		느린 쿼리와 권한 문제를 단일 해결책으로 좁혀 증상, blocker, lag, secret, 감사 경계를 누락하는 위험	index 추가가 lock wait나 replica lag 원인을 해결하지 못하는 상황을 분리하지 못하면 실패다.	증상에서 관측값, 직접 원인, 안전한 완화, 재발 방지와 보안 경계를 순서대로 봐야 한다.	APPLY	DBI-OPS-01 본문은 short overview, small model, mechanism, DBMS boundary, replay, tail/trap 질문이 이 risk를 반복하지 않도록 topic-specific audit로 재검수한다.
DBI-SEARCH-01-S01	14-search-document-nosql-engine.md	2-5분 개요	면접 첫 답변이 본문의 실제 논증을 압축한다.	DBI-SEARCH-01-C01;DBI-SEARCH-01-C02	DBI-SEARCH-01-C03		검색 엔진과 document store를 RDB의 빠른 대체재로 일반화해 inverted index, mapping, refresh, security rule, 비용 모델을 누락하는 위험	RDB B-tree/transaction 답변으로 Elasticsearch refresh/PIT/reindex나 Firestore rule/cost를 설명하면 실패다.	query native shape, consistency, index/mapping, shard/document modeling, 보안/비용을 분리해야 한다.	APPLY	DBI-SEARCH-01 본문은 short overview, small model, mechanism, DBMS boundary, replay, tail/trap 질문이 이 risk를 반복하지 않도록 topic-specific audit로 재검수한다.
DBI-SEARCH-01-S02	14-search-document-nosql-engine.md	먼저 잡아야 할 작은 모델	추상 개념을 대표 상태 변화 trace로 고정한다.	DBI-SEARCH-01-C01;DBI-SEARCH-01-C02	DBI-SEARCH-01-C03		검색 엔진과 document store를 RDB의 빠른 대체재로 일반화해 inverted index, mapping, refresh, security rule, 비용 모델을 누락하는 위험	RDB B-tree/transaction 답변으로 Elasticsearch refresh/PIT/reindex나 Firestore rule/cost를 설명하면 실패다.	query native shape, consistency, index/mapping, shard/document modeling, 보안/비용을 분리해야 한다.	APPLY	DBI-SEARCH-01 본문은 short overview, small model, mechanism, DBMS boundary, replay, tail/trap 질문이 이 risk를 반복하지 않도록 topic-specific audit로 재검수한다.
DBI-SEARCH-01-S03	14-search-document-nosql-engine.md	깊은 메커니즘	source claim을 내부 상태 변화와 실패 모드로 재구성한다.	DBI-SEARCH-01-C01;DBI-SEARCH-01-C02	DBI-SEARCH-01-C03		검색 엔진과 document store를 RDB의 빠른 대체재로 일반화해 inverted index, mapping, refresh, security rule, 비용 모델을 누락하는 위험	RDB B-tree/transaction 답변으로 Elasticsearch refresh/PIT/reindex나 Firestore rule/cost를 설명하면 실패다.	query native shape, consistency, index/mapping, shard/document modeling, 보안/비용을 분리해야 한다.	APPLY	DBI-SEARCH-01 본문은 short overview, small model, mechanism, DBMS boundary, replay, tail/trap 질문이 이 risk를 반복하지 않도록 topic-specific audit로 재검수한다.
DBI-SEARCH-01-S04	14-search-document-nosql-engine.md	DBMS별 경계	공통 목적과 제품별 구현 차이를 섞지 않는다.	DBI-SEARCH-01-C01;DBI-SEARCH-01-C02	DBI-SEARCH-01-C03		검색 엔진과 document store를 RDB의 빠른 대체재로 일반화해 inverted index, mapping, refresh, security rule, 비용 모델을 누락하는 위험	RDB B-tree/transaction 답변으로 Elasticsearch refresh/PIT/reindex나 Firestore rule/cost를 설명하면 실패다.	query native shape, consistency, index/mapping, shard/document modeling, 보안/비용을 분리해야 한다.	APPLY	DBI-SEARCH-01 본문은 short overview, small model, mechanism, DBMS boundary, replay, tail/trap 질문이 이 risk를 반복하지 않도록 topic-specific audit로 재검수한다.
DBI-SEARCH-01-S05	14-search-document-nosql-engine.md	직접 재생해 보기	검증 가능한 관측 경로와 PASS/FAIL 신호를 남긴다.	DBI-SEARCH-01-C01;DBI-SEARCH-01-C02	DBI-SEARCH-01-C03		검색 엔진과 document store를 RDB의 빠른 대체재로 일반화해 inverted index, mapping, refresh, security rule, 비용 모델을 누락하는 위험	RDB B-tree/transaction 답변으로 Elasticsearch refresh/PIT/reindex나 Firestore rule/cost를 설명하면 실패다.	query native shape, consistency, index/mapping, shard/document modeling, 보안/비용을 분리해야 한다.	APPLY	DBI-SEARCH-01 본문은 short overview, small model, mechanism, DBMS boundary, replay, tail/trap 질문이 이 risk를 반복하지 않도록 topic-specific audit로 재검수한다.
DBI-SEARCH-01-S06	14-search-document-nosql-engine.md	면접 꼬리 질문	짧은 답변 뒤 깊게 내려갈 질문을 준비한다.	DBI-SEARCH-01-C01;DBI-SEARCH-01-C02	DBI-SEARCH-01-C03		검색 엔진과 document store를 RDB의 빠른 대체재로 일반화해 inverted index, mapping, refresh, security rule, 비용 모델을 누락하는 위험	RDB B-tree/transaction 답변으로 Elasticsearch refresh/PIT/reindex나 Firestore rule/cost를 설명하면 실패다.	query native shape, consistency, index/mapping, shard/document modeling, 보안/비용을 분리해야 한다.	APPLY	DBI-SEARCH-01 본문은 short overview, small model, mechanism, DBMS boundary, replay, tail/trap 질문이 이 risk를 반복하지 않도록 topic-specific audit로 재검수한다.
DBI-SEARCH-01-S07	14-search-document-nosql-engine.md	함정 질문	부분적으로 맞지만 전체 설명을 망치는 shortcut을 막는다.	DBI-SEARCH-01-C01;DBI-SEARCH-01-C02	DBI-SEARCH-01-C03		검색 엔진과 document store를 RDB의 빠른 대체재로 일반화해 inverted index, mapping, refresh, security rule, 비용 모델을 누락하는 위험	RDB B-tree/transaction 답변으로 Elasticsearch refresh/PIT/reindex나 Firestore rule/cost를 설명하면 실패다.	query native shape, consistency, index/mapping, shard/document modeling, 보안/비용을 분리해야 한다.	APPLY	DBI-SEARCH-01 본문은 short overview, small model, mechanism, DBMS boundary, replay, tail/trap 질문이 이 risk를 반복하지 않도록 topic-specific audit로 재검수한다.
DBI-SEARCH-01-S08	14-search-document-nosql-engine.md	더 깊게 볼 자료	공식 source와 repo source를 분리해 추적 가능하게 한다.	DBI-SEARCH-01-C01;DBI-SEARCH-01-C02	DBI-SEARCH-01-C03		검색 엔진과 document store를 RDB의 빠른 대체재로 일반화해 inverted index, mapping, refresh, security rule, 비용 모델을 누락하는 위험	RDB B-tree/transaction 답변으로 Elasticsearch refresh/PIT/reindex나 Firestore rule/cost를 설명하면 실패다.	query native shape, consistency, index/mapping, shard/document modeling, 보안/비용을 분리해야 한다.	APPLY	DBI-SEARCH-01 본문은 short overview, small model, mechanism, DBMS boundary, replay, tail/trap 질문이 이 risk를 반복하지 않도록 topic-specific audit로 재검수한다.
